7) FUGAS DE GAS,-58.4482,-34.5952
3) INCENDIOS,-58.438,-34.6089
14) INTOXICACIONES Y CONTAMINACIONES,-58.4954,-34.5901
3) INCENDIOS,-58.3967,-34.6154
3) INCENDIOS,-58.4013,-34.6087
3) INCENDIOS,-58.4914,-34.6744
7) FUGAS DE GAS,-58.3901,-34.6583
3) INCENDIOS,-58.4338,-34.5682
7) FUGAS DE GAS,-58.4196,-34.5755
14) INTOXICACIONES Y CONTAMINACIONES,-58.5086,-34.657
14) INTOXICACIONES Y CONTAMINACIONES,-58.4677,-34.5617
14) INTOXICACIONES Y CONTAMINACIONES,-58.5279,-34.6373
7) FUGAS DE GAS,-58.4656,-34.6163
7) FUGAS DE GAS,-58.4708,-34.5804
7) FUGAS DE GAS,-58.4788,-34.5997
14) INTOXICACIONES Y CONTAMINACIONES,-58.4605,-34.6268
14) INTOXICACIONES Y CONTAMINACIONES,-58.4273,-34.6317
14) INTOXICACIONES Y CONTAMINACIONES,-58.3855,-34.6506
5) INCIDENTES EN CONCENTRACIONES HUMANAS,-58.4588,-34.5298
14) INTOXICACIONES Y CONTAMINACIONES,-58.5085,-34.6637
13) INTERRUPCION DE SERVICIOS BASICOS,-58.4293,-34.5773
7) FUGAS DE GAS,-58.4555,-34.5502
3) INCENDIOS,-58.4996,-34.6579
5) INCIDENTES EN CONCENTRACIONES HUMANAS,-58.4594,-34.53
14) INTOXICACIONES Y CONTAMINACIONES,-58.4953,-34.59
3) INCENDIOS,-58.4009,-34.6197
3) INCENDIOS,-58.4159,-34.6279
5) INCIDENTES EN CONCENTRACIONES HUMANAS,-58.4506,-34.68
3) INCENDIOS,-58.386,-34.6171
3) INCENDIOS,-58.4321,-34.6028
5) INCIDENTES EN CONCENTRACIONES HUMANAS,-58.4506,-34.68
5) INCIDENTES EN CONCENTRACIONES HUMANAS,-58.4586,-34.5294
5) INCIDENTES EN CONCENTRACIONES HUMANAS,-58.4595,-34.5294
4a) INCIDENTES EN EL TRANSPORTE,-58.382,-34.6037
3) INCENDIOS,-58.4686,-34.6305
5) INCIDENTES EN CONCENTRACIONES HUMANAS,-58.4506,-34.68
5) INCIDENTES EN CONCENTRACIONES HUMANAS,-58.4586,-34.5289
5) INCIDENTES EN CONCENTRACIONES HUMANAS,-58.4506,-34.68
3) INCENDIOS,-58.5117,-34.5871
3) INCENDIOS,-58.499,-34.6471
3) INCENDIOS,-58.4695,-34.6243
3) INCENDIOS,-58.4695,-34.6243
5) INCIDENTES EN CONCENTRACIONES HUMANAS,-58.4602,-34.5299
5) INCIDENTES EN CONCENTRACIONES HUMANAS,-58.4506,-34.68
3) INCENDIOS,-58.4122,-34.6194
3) INCENDIOS,-58.476,-34.6099
5) INCIDENTES EN CONCENTRACIONES HUMANAS,-58.4603,-34.5303
5) INCIDENTES EN CONCENTRACIONES HUMANAS,-58.4506,-34.68
14) INTOXICACIONES Y CONTAMINACIONES,-58.381,-34.605
5) INCIDENTES EN CONCENTRACIONES HUMANAS,-58.4596,-34.5305
3) INCENDIOS,-58.393,-34.6037
5) INCIDENTES EN CONCENTRACIONES HUMANAS,-58.4506,-34.68
5) INCIDENTES EN CONCENTRACIONES HUMANAS,-58.459,-34.5293
5) INCIDENTES EN CONCENTRACIONES HUMANAS,-58.4506,-34.68
3) INCENDIOS,-58.453,-34.6445
14) INTOXICACIONES Y CONTAMINACIONES,-58.5299,-34.6406
5) INCIDENTES EN CONCENTRACIONES HUMANAS,-58.4592,-34.5297
5) INCIDENTES EN CONCENTRACIONES HUMANAS,-58.4506,-34.68
14) INTOXICACIONES Y CONTAMINACIONES,-58.4727,-34.6111
5) INCIDENTES EN CONCENTRACIONES HUMANAS,-58.4598,-34.5297
5) INCIDENTES EN CONCENTRACIONES HUMANAS,-58.4506,-34.68
5) INCIDENTES EN CONCENTRACIONES HUMANAS,-58.4137,-34.5721
14) INTOXICACIONES Y CONTAMINACIONES,-58.4589,-34.5577
7) FUGAS DE GAS,-58.5172,-34.6581
5) INCIDENTES EN CONCENTRACIONES HUMANAS,-58.4599,-34.5303
5) INCIDENTES EN CONCENTRACIONES HUMANAS,-58.4506,-34.68
3) INCENDIOS,-58.4314,-34.601
14) INTOXICACIONES Y CONTAMINACIONES,-58.4641,-34.6293
10) DERRUMBES Y HUNDIMIENTO DE SUELO,-58.3855,-34.6072
3) INCENDIOS,-58.407,-34.6361
7) FUGAS DE GAS,-58.4044,-34.6227
14) INTOXICACIONES Y CONTAMINACIONES,-58.3839,-34.5878
5) INCIDENTES EN CONCENTRACIONES HUMANAS,-58.4592,-34.5303
5) INCIDENTES EN CONCENTRACIONES HUMANAS,-58.4506,-34.68
4a) INCIDENTES EN EL TRANSPORTE,-58.4377,-34.6337
5) INCIDENTES EN CONCENTRACIONES HUMANAS,-58.4584,-34.5298
5) INCIDENTES EN CONCENTRACIONES HUMANAS,-58.4506,-34.68
14) INTOXICACIONES Y CONTAMINACIONES,-58.5036,-34.6008
5) INCIDENTES EN CONCENTRACIONES HUMANAS,-58.4582,-34.5293
5) INCIDENTES EN CONCENTRACIONES HUMANAS,-58.4506,-34.68
14) INTOXICACIONES Y CONTAMINACIONES,-58.5038,-34.6088
5) INCIDENTES EN CONCENTRACIONES HUMANAS,-58.4592,-34.5289
5) INCIDENTES EN CONCENTRACIONES HUMANAS,-58.4506,-34.68
14) INTOXICACIONES Y CONTAMINACIONES,-58.3802,-34.6061
14) INTOXICACIONES Y CONTAMINACIONES,-58.3824,-34.5954
14) INTOXICACIONES Y CONTAMINACIONES,-58.4933,-34.6277
5) INCIDENTES EN CONCENTRACIONES HUMANAS,-58.4601,-34.5306
5) INCIDENTES EN CONCENTRACIONES HUMANAS,-58.4506,-34.68
3) INCENDIOS,-58.3742,-34.581
13) INTERRUPCION DE SERVICIOS BASICOS,-58.5284,-34.6325
3) INCENDIOS,-58.4086,-34.6164
14) INTOXICACIONES Y CONTAMINACIONES,-58.4629,-34.5505
14) INTOXICACIONES Y CONTAMINACIONES,-58.4493,-34.628
5) INCIDENTES EN CONCENTRACIONES HUMANAS,-58.4506,-34.68
5) INCIDENTES EN CONCENTRACIONES HUMANAS,-58.4587,-34.5286
7) FUGAS DE GAS,-58.4119,-34.6287
3) INCENDIOS,-58.3938,-34.6229
7) FUGAS DE GAS,-58.3884,-34.6563
3) INCENDIOS,-58.4644,-34.6071
3) INCENDIOS,-58.5041,-34.653
14) INTOXICACIONES Y CONTAMINACIONES,-58.4599,-34.5599
14) INTOXICACIONES Y CONTAMINACIONES,-58.4408,-34.6224
14) INTOXICACIONES Y CONTAMINACIONES,-58.4896,-34.5727
10) DERRUMBES Y HUNDIMIENTO DE SUELO,-58.4367,-34.6312
3) INCENDIOS,-58.3998,-34.5999
14) INTOXICACIONES Y CONTAMINACIONES,-58.4951,-34.6154
14) INTOXICACIONES Y CONTAMINACIONES,-58.4546,-34.6593
14) INTOXICACIONES Y CONTAMINACIONES,-58.5146,-34.5839
14) INTOXICACIONES Y CONTAMINACIONES,-58.4855,-34.5993
14) INTOXICACIONES Y CONTAMINACIONES,-58.3764,-34.6426
3) INCENDIOS,-58.4027,-34.6558
7) FUGAS DE GAS,-58.3767,-34.6252
3) INCENDIOS,-58.4004,-34.6099
14) INTOXICACIONES Y CONTAMINACIONES,-58.3726,-34.5956
7) FUGAS DE GAS,-58.4666,-34.541
14) INTOXICACIONES Y CONTAMINACIONES,-58.4948,-34.6221
3) INCENDIOS,-58.3796,-34.6278
7) FUGAS DE GAS,-58.4548,-34.5625
7) FUGAS DE GAS,-58.4672,-34.5521
5) INCIDENTES EN CONCENTRACIONES HUMANAS,-58.4587,-34.5301
5) INCIDENTES EN CONCENTRACIONES HUMANAS,-58.4506,-34.68
10) DERRUMBES Y HUNDIMIENTO DE SUELO,-58.3914,-34.6233
14) INTOXICACIONES Y CONTAMINACIONES,-58.4856,-34.5798
7) FUGAS DE GAS,-58.4767,-34.6218
7) FUGAS DE GAS,-58.4331,-34.6
7) FUGAS DE GAS,-58.435,-34.6003
14) INTOXICACIONES Y CONTAMINACIONES,-58.4324,-34.5675
7) FUGAS DE GAS,-58.3843,-34.6178
14) INTOXICACIONES Y CONTAMINACIONES,-58.4523,-34.596
10) DERRUMBES Y HUNDIMIENTO DEL SUELO,-58.3997,-34.6004
14) INTOXICACIONES Y CONTAMINACIONES,-58.4821,-34.6105
7) FUGAS DE GAS,-58.4086,-34.581
7) FUGAS DE GAS,-58.4064,-34.5792
7) FUGAS DE GAS,-58.3815,-34.6305
7) FUGAS DE GAS,-58.3773,-34.6222
7) FUGAS DE GAS,-58.421,-34.6212
7) FUGAS DE GAS,-58.4145,-34.6267
7) FUGAS DE GAS,-58.3901,-34.6031
7) FUGAS DE GAS,-58.3751,-34.5976
10) DERRUMBES Y HUNDIMIENTO DEL SUELO,-58.3997,-34.6004
7) FUGAS DE GAS,-58.3769,-34.5991
7) FUGAS DE GAS,-58.4331,-34.5871
7) FUGAS DE GAS,-58.4566,-34.6451
3) INCENDIOS,-58.3798,-34.6005
3) INCENDIOS,-58.4747,-34.6589
5) INCIDENTES EN CONCENTRACIONES HUMANAS,-58.4583,-34.5322
5) INCIDENTES EN CONCENTRACIONES HUMANAS,-58.4443,-34.6849
10) DERRUMBES Y HUNDIMIENTO DEL SUELO,-58.3998,-34.5891
7) FUGAS DE GAS,-58.4628,-34.5496
3) INCENDIOS,-58.3638,-34.6352
4a) INCIDENTES EN EL TRANSPORTE,-58.4599,-34.5583
14) INTOXICACIONES Y CONTAMINACIONES,-58.3959,-34.6254
10) DERRUMBES Y HUNDIMIENTO DEL SUELO,-58.3745,-34.618
6) INCIDENTES DE TRANSPORTE CON MERCANCIAS PELIGROSAS,-58.3742,-34.581
10) DERRUMBES Y HUNDIMIENTO DEL SUELO,-58.4862,-34.6481
3) INCENDIOS,-58.3858,-34.6087
7) FUGAS DE GAS,-58.4801,-34.6892
7) FUGAS DE GAS,-58.4549,-34.5624
4a) INCIDENTES EN EL TRANSPORTE,-58.4151,-34.6209
7) FUGAS DE GAS,-58.4394,-34.5819
3) INCENDIOS,-58.4748,-34.6572
7) FUGAS DE GAS,-58.4548,-34.5625
14) INTOXICACIONES Y CONTAMINACIONES,-58.4605,-34.5849
3) INCENDIOS,-58.4962,-34.6313
5) INCIDENTES EN CONCENTRACIONES HUMANAS,-58.4506,-34.68
14) INTOXICACIONES Y CONTAMINACIONES,-58.4763,-34.5926
7) FUGAS DE GAS,-58.515,-34.5857
14) INTOXICACIONES Y CONTAMINACIONES,-58.4028,-34.5958
14) INTOXICACIONES Y CONTAMINACIONES,-58.4418,-34.6292
10) DERRUMBES Y HUNDIMIENTO DEL SUELO,-58.3833,-34.6075
3) INCENDIOS,-58.3842,-34.6277
7) FUGAS DE GAS,-58.4193,-34.6045
6) INCIDENTES DE TRANSPORTE CON MERCANCIAS PELIGROSAS,-58.3742,-34.581
10) DERRUMBES Y HUNDIMIENTO DEL SUELO,-58.3833,-34.6075
14) INTOXICACIONES Y CONTAMINACIONES,-58.4619,-34.5562
1) LLUVIAS TORRENCIALES/FUERTES VIENTOS,-58.4637,-34.562
2a) INUNDACIONES,-58.4637,-34.562
2a) INUNDACIONES,-58.4456,-34.5956
2a) INUNDACIONES,-58.4283,-34.6133
3) INCENDIOS,-58.3764,-34.5998
7) FUGAS DE GAS,-58.382,-34.6247
5) INCIDENTES EN CONCENTRACIONES HUMANAS,-58.4165,-34.621
5) INCIDENTES EN CONCENTRACIONES HUMANAS,-58.421,-34.6032
5) INCIDENTES EN CONCENTRACIONES HUMANAS,-58.4103,-34.5981
5) INCIDENTES EN CONCENTRACIONES HUMANAS,-58.4158,-34.6156
5) INCIDENTES EN CONCENTRACIONES HUMANAS,-58.3982,-34.6046
7) FUGAS DE GAS,-58.3782,-34.6038
3) INCENDIOS,-58.3985,-34.5954
7) FUGAS DE GAS,-58.4653,-34.6882
2b) INUNDACIONES,-58.3858,-34.5866
5) INCIDENTES EN CONCENTRACIONES HUMANAS,-58.4165,-34.621
5) INCIDENTES EN CONCENTRACIONES HUMANAS,-58.421,-34.6032
5) INCIDENTES EN CONCENTRACIONES HUMANAS,-58.4103,-34.5981
5) INCIDENTES EN CONCENTRACIONES HUMANAS,-58.4158,-34.6156
5) INCIDENTES EN CONCENTRACIONES HUMANAS,-58.3982,-34.6046
3) INCENDIOS,-58.4461,-34.6445
5) INCIDENTES EN CONCENTRACIONES HUMANAS,-58.4165,-34.621
5) INCIDENTES EN CONCENTRACIONES HUMANAS,-58.421,-34.6032
5) INCIDENTES EN CONCENTRACIONES HUMANAS,-58.4103,-34.5981
5) INCIDENTES EN CONCENTRACIONES HUMANAS,-58.4158,-34.6156
5) INCIDENTES EN CONCENTRACIONES HUMANAS,-58.3982,-34.6046
14) INTOXICACIONES Y CONTAMINACIONES,-58.3666,-34.5854
7) FUGAS DE GAS,-58.4736,-34.6059
7) FUGAS DE GAS,-58.3884,-34.6125
14) INTOXICACIONES Y CONTAMINACIONES,-58.4691,-34.6412
7) FUGAS DE GAS,-58.3975,-34.5933
3) INCENDIOS,-58.4381,-34.5993
3) INCENDIOS,-58.3662,-34.6369
7) FUGAS DE GAS,-58.4829,-34.5724
14) INTOXICACIONES Y CONTAMINACIONES,-58.47,-34.6125
10) DERRUMBES Y HUNDIMIENTO DEL SUELO,-58.4511,-34.5588
3) INCENDIOS,-58.4642,-34.6696
7) FUGAS DE GAS,-58.5257,-34.6403
10) DERRUMBES Y HUNDIMIENTO DEL SUELO,-58.3835,-34.6074
7) FUGAS DE GAS,-58.5,-34.583
7) FUGAS DE GAS,-58.3768,-34.6553
3) INCENDIOS,-58.4011,-34.586
7) FUGAS DE GAS,-58.3633,-34.6304
3) INCENDIOS,-58.3568,-34.6064
7) FUGAS DE GAS,-58.5022,-34.6548
14) INTOXICACIONES Y CONTAMINACIONES,-58.3948,-34.5871
14) INTOXICACIONES Y CONTAMINACIONES,-58.4884,-34.5743
7) FUGAS DE GAS,-58.5022,-34.6548
7) FUGAS DE GAS,-58.4787,-34.6202
7) FUGAS DE GAS,-58.5212,-34.6188
3) INCENDIOS,-58.4032,-34.6544
7) FUGAS DE GAS,-58.4886,-34.6428
3) INCENDIOS,-58.4362,-34.6452
14) INTOXICACIONES Y CONTAMINACIONES,-58.3903,-34.6181
7) FUGAS DE GAS,-58.4121,-34.5992
14) INTOXICACIONES Y CONTAMINACIONES,-58.484,-34.65
14) INTOXICACIONES Y CONTAMINACIONES,-58.3912,-34.627
10) DERRUMBES Y HUNDIMIENTO DEL SUELO,-58.384,-34.631
14) INTOXICACIONES Y CONTAMINACIONES,-58.4034,-34.6195
3) INCENDIOS,-58.3753,-34.6271
7) FUGAS DE GAS,-58.4893,-34.5705
7) FUGAS DE GAS,-58.4092,-34.6473
14) INTOXICACIONES Y CONTAMINACIONES,-58.3546,-34.6337
10) DERRUMBES Y HUNDIMIENTO DEL SUELO,-58.3769,-34.5838
14) INTOXICACIONES Y CONTAMINACIONES,-58.4219,-34.5982
7) FUGAS DE GAS,-58.4453,-34.576
14) INTOXICACIONES Y CONTAMINACIONES,-58.4219,-34.5982
3) INCENDIOS,-58.4441,-34.6093
14) INTOXICACIONES Y CONTAMINACIONES,-58.3781,-34.6363
7) FUGAS DE GAS,-58.3873,-34.6286
7) FUGAS DE GAS,-58.3887,-34.6065
5) INCIDENTES EN CONCENTRACIONES HUMANAS,-58.3778,-34.6088
5) INCIDENTES EN CONCENTRACIONES HUMANAS,-58.3778,-34.6088
3) INCENDIOS,-58.4726,-34.6595
2a) INUNDACIONES,-58.4456,-34.5956
2a) INUNDACIONES,-58.4283,-34.6133
2a) INUNDACIONES,-58.4637,-34.562
14) INTOXICACIONES Y CONTAMINACIONES,-58.4351,-34.6089
2a) INUNDACIONES,-58.4456,-34.5956
10) DERRUMBES Y HUNDIMIENTO DEL SUELO,-58.4391,-34.623
14) INTOXICACIONES Y CONTAMINACIONES,-58.446,-34.6017
4a) INCIDENTES EN EL TRANSPORTE,-58.3741,-34.6406
14) INTOXICACIONES Y CONTAMINACIONES,-58.4837,-34.5761
7) FUGAS DE GAS,-58.5005,-34.6624
7) FUGAS DE GAS,-58.4421,-34.6592
3) INCENDIOS,-58.3619,-34.6426
3) INCENDIOS,-58.4143,-34.5922
7) FUGAS DE GAS,-58.3893,-34.6282
14) INTOXICACIONES Y CONTAMINACIONES,-58.4202,-34.6
3) INCENDIOS,-58.3989,-34.6511
14) INTOXICACIONES Y CONTAMINACIONES,-58.49,-34.5526
14) INTOXICACIONES Y CONTAMINACIONES,-58.4243,-34.6046
5) INCIDENTES EN CONCENTRACIONES HUMANAS,-58.4152,-34.5662
10) DERRUMBES Y HUNDIMIENTO DEL SUELO,-58.3722,-34.6313
3) INCENDIOS,-58.3955,-34.6352
7) FUGAS DE GAS,-58.5196,-34.6404
7) FUGAS DE GAS,-58.4871,-34.6338
14) INTOXICACIONES Y CONTAMINACIONES,-58.3712,-34.6242
2a) INUNDACIONES,-58.4283,-34.6133
7) FUGAS DE GAS,-58.4888,-34.603
2a) INUNDACIONES,-58.4456,-34.5956
7) FUGAS DE GAS,-58.4721,-34.5926
14) INTOXICACIONES Y CONTAMINACIONES,-58.5,-34.6198
2b) INUNDACIONES,-58.4565,-34.5474
14) INTOXICACIONES Y CONTAMINACIONES,-58.43,-34.6209
14) INTOXICACIONES Y CONTAMINACIONES,-58.4051,-34.5889
10) DERRUMBES Y HUNDIMIENTO DEL SUELO,-58.5212,-34.658
14) INTOXICACIONES Y CONTAMINACIONES,-58.4318,-34.6017
7) FUGAS DE GAS,-58.485,-34.6113
3) INCENDIOS,-58.4853,-34.5634
7) FUGAS DE GAS,-58.447,-34.5847
14) INTOXICACIONES Y CONTAMINACIONES,-58.4292,-34.6087
14) INTOXICACIONES Y CONTAMINACIONES,-58.5251,-34.614
5) INCIDENTES EN CONCENTRACIONES HUMANAS,-58.4506,-34.68
14) INTOXICACIONES Y CONTAMINACIONES,-58.438,-34.5524
7) FUGAS DE GAS,-58.4191,-34.6013
14) INTOXICACIONES Y CONTAMINACIONES,-58.4599,-34.6069
7) FUGAS DE GAS,-58.4726,-34.6095
7) FUGAS DE GAS,-58.4309,-34.6439
4a) INCIDENTES EN EL TRANSPORTE,-58.3982,-34.6046
3) INCENDIOS,-58.4742,-34.6568
7) FUGAS DE GAS,-58.4276,-34.6545
14) INTOXICACIONES Y CONTAMINACIONES,-58.3967,-34.6046
7) FUGAS DE GAS,-58.4276,-34.6545
3) INCENDIOS,-58.4273,-34.6114
14) INTOXICACIONES Y CONTAMINACIONES,-58.3683,-34.6217
3) INCENDIOS,-58.3704,-34.631
7) FUGAS DE GAS,-58.4692,-34.5589
14) INTOXICACIONES Y CONTAMINACIONES,-58.3835,-34.6086
14) INTOXICACIONES Y CONTAMINACIONES,-58.493,-34.5637
3) INCENDIOS,-58.3746,-34.6387
3) INCENDIOS,-58.4009,-34.5917
10) DERRUMBES Y HUNDIMIENTO DE SUELO,-58.5045,-34.6537
14) INTOXICACIONES Y CONTAMINACIONES,-58.3659,-34.6227
14) INTOXICACIONES Y CONTAMINACIONES,-58.4536,-34.63
14) INTOXICACIONES Y CONTAMINACIONES,-58.3829,-34.6247
7) FUGAS DE GAS,-58.4732,-34.6459
10) DERRUMBES Y HUNDIMIENTO DE SUELO,-58.51,-34.6593
14) INTOXICACIONES Y CONTAMINACIONES,-58.4291,-34.6597
3) INCENDIOS,-58.3994,-34.6222
7) FUGAS DE GAS,-58.3755,-34.5928
3) INCENDIOS,-58.4178,-34.6552
7) FUGAS DE GAS,-58.4688,-34.629
3) INCENDIOS,-58.4989,-34.6484
3) INCENDIOS,-58.3744,-34.5962
13) INTERRUPCION DE SERVICIOS BASICOS,-58.3886,-34.6053
14) INTOXICACIONES Y CONTAMINACIONES,-58.39,-34.6215
7) FUGAS DE GAS,-58.3784,-34.6481
14) INTOXICACIONES Y CONTAMINACIONES,-58.496,-34.5593
3) INCENDIOS,-58.4125,-34.6466
14) INTOXICACIONES Y CONTAMINACIONES,-58.3669,-34.6209
14) INTOXICACIONES Y CONTAMINACIONES,-58.5038,-34.6294
3) INCENDIOS,-58.4145,-34.6279
4a) INCIDENTES EN EL TRANSPORTE,-58.381,-34.6222
3) INCENDIOS,-58.371,-34.6055
14) INTOXICACIONES Y CONTAMINACIONES,-58.5051,-34.6584
14) INTOXICACIONES Y CONTAMINACIONES,-58.4924,-34.6315
14) INTOXICACIONES Y CONTAMINACIONES,-58.3897,-34.5879
3) INCENDIOS,-58.4585,-34.5581
3) INCENDIOS,-58.4753,-34.6772
3) INCENDIOS,-58.5113,-34.6182
7) FUGAS DE GAS,-58.424,-34.6458
3) INCENDIOS,-58.421,-34.6115
13) INTERRUPCION DE SERVICIOS BASICOS,-58.4004,-34.5847
7) FUGAS DE GAS,-58.444,-34.5925
14) INTOXICACIONES Y CONTAMINACIONES,-58.4067,-34.6129
3) INCENDIOS,-58.4795,-34.6139
7) FUGAS DE GAS,-58.4766,-34.6052
7) FUGAS DE GAS,-58.3971,-34.6028
3) INCENDIOS,-58.4793,-34.6357
7) FUGAS DE GAS,-58.4239,-34.6437
3) INCENDIOS,-58.4547,-34.6593
10) DERRUMBES Y HUNDIMIENTO DE SUELO,-58.4526,-34.6576
8) EXPLOSIONES,-58.3934,-34.5915
3) INCENDIOS,-58.4609,-34.6053
3) INCENDIOS,-58.4914,-34.5582
14) INTOXICACIONES Y CONTAMINACIONES,-58.4395,-34.5628
14) INTOXICACIONES Y CONTAMINACIONES,-58.4429,-34.6294
14) INTOXICACIONES Y CONTAMINACIONES,-58.39,-34.6215
3) INCENDIOS,-58.3906,-34.6513
14) INTOXICACIONES Y CONTAMINACIONES,-58.4285,-34.6025
14) INTOXICACIONES Y CONTAMINACIONES,-58.3708,-34.6217
7) FUGAS DE GAS,-58.4773,-34.6314
7) FUGAS DE GAS,-58.4144,-34.6337
8) EXPLOSIONES,-58.4365,-34.6154
4a) INCIDENTES EN EL TRANSPORTE,-58.4957,-34.6701
7) FUGAS DE GAS,-58.3965,-34.6515
7) FUGAS DE GAS,-58.4016,-34.601
7) FUGAS DE GAS,-58.3971,-34.6031
6) INCIDENTES DE TRANSPORTE CON MERCANCIAS PELIGROSAS,-58.3742,-34.581
7) FUGAS DE GAS,-58.5132,-34.5929
10) DERRUMBES Y HUNDIMIENTO DEL SUELO,-58.4467,-34.5604
3) INCENDIOS,-58.4628,-34.6027
3) INCENDIOS,-58.3891,-34.6172
18) ACTO TERRORISTA,-58.4896,-34.6649
14) INTOXICACIONES Y CONTAMINACIONES,-58.4079,-34.5673
7) FUGAS DE GAS,-58.4657,-34.6161
7) FUGAS DE GAS,-58.4696,-34.6307
10) DERRUMBES Y HUNDIMIENTO DEL SUELO,-58.4408,-34.6241
3) INCENDIOS,-58.5009,-34.6737
5) INCIDENTES EN CONCENTRACIONES HUMANAS,-58.3735,-34.6085
3) INCENDIOS,-58.4717,-34.6578
14) INTOXICACIONES Y CONTAMINACIONES,-58.4879,-34.6258
3) INCENDIOS,-58.431,-34.622
7) FUGAS DE GAS,-58.4105,-34.6141
3) INCENDIOS,-58.3876,-34.6287
2a) INUNDACIONES,-58.4637,-34.562
2a) INUNDACIONES,-58.4456,-34.5956
2a) INUNDACIONES,-58.4456,-34.5956
2a) INUNDACIONES,-58.4637,-34.562
3) INCENDIOS,-58.4132,-34.5859
14) INTOXICACIONES Y CONTAMINACIONES,-58.4513,-34.6441
5) INCIDENTES EN CONCENTRACIONES HUMANAS,-58.4131,-34.6385
7) FUGAS DE GAS,-58.4921,-34.6187
7) FUGAS DE GAS,-58.4356,-34.5976
3) INCENDIOS,-58.4535,-34.5578
3) INCENDIOS,-58.4363,-34.5541
4a) INCIDENTES EN EL TRANSPORTE,-58.3754,-34.5927
10) DERRUMBES Y HUNDIMIENTO DEL SUELO,-58.3852,-34.6236
7) FUGAS DE GAS,-58.4997,-34.6207
5) INCIDENTES EN CONCENTRACIONES HUMANAS,-58.4275,-34.5592
7) FUGAS DE GAS,-58.4832,-34.6787
7) FUGAS DE GAS,-58.3774,-34.6196
5) INCIDENTES EN CONCENTRACIONES HUMANAS,-58.3757,-34.6331
14) INTOXICACIONES Y CONTAMINACIONES,-58.4693,-34.5869
7) FUGAS DE GAS,-58.4385,-34.6455
8) EXPLOSIONES,-58.3955,-34.6268
3) INCENDIOS,-58.362,-34.6423
14) INTOXICACIONES Y CONTAMINACIONES,-58.4464,-34.5875
3) INCENDIOS,-58.362,-34.6423
3) INCENDIOS,-58.4318,-34.6278
14) INTOXICACIONES Y CONTAMINACIONES,-58.4277,-34.6286
3) INCENDIOS,-58.4004,-34.584
7) FUGAS DE GAS,-58.4399,-34.6288
14) INTOXICACIONES Y CONTAMINACIONES,-58.3773,-34.6268
14) INTOXICACIONES Y CONTAMINACIONES,-58.4442,-34.5619
7) FUGAS DE GAS,-58.4473,-34.6006
7) FUGAS DE GAS,-58.453,-34.5528
14) INTOXICACIONES Y CONTAMINACIONES,-58.402,-34.5834
4a) INCIDENTES EN EL TRANSPORTE,-58.4167,-34.6036
14) INTOXICACIONES Y CONTAMINACIONES,-58.4208,-34.6449
7) FUGAS DE GAS,-58.4233,-34.625
10) DERRUMBES Y HUNDIMIENTO DEL SUELO,-58.443,-34.6297
4a) INCIDENTES EN EL TRANSPORTE,-58.4446,-34.6509
14) INTOXICACIONES Y CONTAMINACIONES,-58.4645,-34.6158
7) FUGAS DE GAS,-58.4333,-34.6362
14) INTOXICACIONES Y CONTAMINACIONES,-58.3899,-34.6226
7) FUGAS DE GAS,-58.4589,-34.5675
14) INTOXICACIONES Y CONTAMINACIONES,-58.4834,-34.6304
3) INCENDIOS,-58.4336,-34.6543
3) INCENDIOS,-58.4092,-34.6213
14) INTOXICACIONES Y CONTAMINACIONES,-58.3849,-34.6075
4a) INCIDENTES EN EL TRANSPORTE,-58.4124,-34.6249
7) FUGAS DE GAS,-58.493,-34.6439
10) DERRUMBES Y HUNDIMIENTO DEL SUELO,-58.3663,-34.6395
10) DERRUMBES Y HUNDIMIENTO DEL SUELO,-58.4061,-34.6558
7) FUGAS DE GAS,-58.4947,-34.6766
7) FUGAS DE GAS,-58.4274,-34.5909
7) FUGAS DE GAS,-58.4274,-34.6571
3) INCENDIOS,-58.3936,-34.6228
7) FUGAS DE GAS,-58.5181,-34.6096
7) FUGAS DE GAS,-58.3582,-34.6366
3) INCENDIOS,-58.3724,-34.5861
3) INCENDIOS,-58.472,-34.5446
3) INCENDIOS,-58.4756,-34.668
3) INCENDIOS,-58.4561,-34.6408
3) INCENDIOS,-58.4446,-34.6509
3) INCENDIOS,-58.4803,-34.6357
10) DERRUMBES Y HUNDIMIENTO DEL SUELO,-58.4095,-34.6051
14) INTOXICACIONES Y CONTAMINACIONES,-58.4868,-34.6788
18) ACTO TERRORISTA,-58.5038,-34.6294
3) INCENDIOS,-58.4703,-34.6755
14) INTOXICACIONES Y CONTAMINACIONES,-58.3801,-34.5915
3) INCENDIOS,-58.4662,-34.6793
3) INCENDIOS,-58.4685,-34.6708
14) INTOXICACIONES Y CONTAMINACIONES,-58.4822,-34.6827
14) INTOXICACIONES Y CONTAMINACIONES,-58.3979,-34.5943
18) ACTO TERRORISTA,-58.5038,-34.6294
14) INTOXICACIONES Y CONTAMINACIONES,-58.4619,-34.5536
14) INTOXICACIONES Y CONTAMINACIONES,-58.4154,-34.6566
3) INCENDIOS,-58.5149,-34.626
18) ACTO TERRORISTA,-58.5038,-34.6294
7) FUGAS DE GAS,-58.4973,-34.5691
14) INTOXICACIONES Y CONTAMINACIONES,-58.5073,-34.6607
3) INCENDIOS,-58.4606,-34.6893
3) INCENDIOS,-58.4613,-34.5433
3) INCENDIOS,-58.388,-34.5866
3) INCENDIOS,-58.4484,-34.5908
3) INCENDIOS,-58.4584,-34.5481
10) DERRUMBES Y HUNDIMIENTO DEL SUELO,-58.3833,-34.6075
7) FUGAS DE GAS,-58.4655,-34.6609
7) FUGAS DE GAS,-58.3963,-34.6058
3) INCENDIOS,-58.4831,-34.5646
14) INTOXICACIONES Y CONTAMINACIONES,-58.469,-34.5674
3) INCENDIOS,-58.4644,-34.6123
4a) INCIDENTES EN EL TRANSPORTE,-58.3917,-34.6295
3) INCENDIOS,-58.4637,-34.612
3) INCENDIOS,-58.4637,-34.612
14) INTOXICACIONES Y CONTAMINACIONES,-58.4428,-34.6361
3) INCENDIOS,-58.3655,-34.6289
3) INCENDIOS,-58.4637,-34.612
7) FUGAS DE GAS,-58.4101,-34.5937
14) INTOXICACIONES Y CONTAMINACIONES,-58.4806,-34.67
3) INCENDIOS,-58.4112,-34.6117
14) INTOXICACIONES Y CONTAMINACIONES,-58.4061,-34.6318
14) INTOXICACIONES Y CONTAMINACIONES,-58.4343,-34.6049
3) INCENDIOS,-58.4637,-34.612
3) INCENDIOS,-58.448,-34.6581
10) DERRUMBES Y HUNDIMIENTO DEL SUELO,-58.4066,-34.6039
10) DERRUMBES Y HUNDIMIENTO DEL SUELO,-58.3621,-34.6329
7) FUGAS DE GAS,-58.4507,-34.6052
14) INTOXICACIONES Y CONTAMINACIONES,-58.4507,-34.6158
7) FUGAS DE GAS,-58.4713,-34.6152
10) DERRUMBES Y HUNDIMIENTO DEL SUELO,-58.4333,-34.5672
14) INTOXICACIONES Y CONTAMINACIONES,-58.4938,-34.6035
3) INCENDIOS,-58.4574,-34.5834
13) INTERRUPCION DE SERVICIOS BASICOS,-58.3787,-34.645
3) INCENDIOS,-58.3826,-34.6164
14) INTOXICACIONES Y CONTAMINACIONES,-58.4823,-34.5879
14) INTOXICACIONES Y CONTAMINACIONES,-58.4629,-34.6342
14) INTOXICACIONES Y CONTAMINACIONES,-58.3938,-34.6416
3) INCENDIOS,-58.4138,-34.644
3) INCENDIOS,-58.3835,-34.6086
7) FUGAS DE GAS,-58.4017,-34.6378
14) INTOXICACIONES Y CONTAMINACIONES,-58.4008,-34.6047
4a) INCIDENTES EN EL TRANSPORTE,-58.4014,-34.6144
3) INCENDIOS,-58.4868,-34.6788
14) INTOXICACIONES Y CONTAMINACIONES,-58.4507,-34.6158
7) FUGAS DE GAS,-58.4525,-34.6289
14) INTOXICACIONES Y CONTAMINACIONES,-58.4647,-34.5576
7) FUGAS DE GAS,-58.4365,-34.6482
3) INCENDIOS,-58.4628,-34.6863
14) INTOXICACIONES Y CONTAMINACIONES,-58.4945,-34.661
7) FUGAS DE GAS,-58.4883,-34.57
7) FUGAS DE GAS,-58.4294,-34.6051
14) INTOXICACIONES Y CONTAMINACIONES,-58.48,-34.6619
7) FUGAS DE GAS,-58.4949,-34.615
3) INCENDIOS,-58.3808,-34.5833
14) INTOXICACIONES Y CONTAMINACIONES,-58.4867,-34.6379
3) INCENDIOS,-58.4416,-34.6025
7) FUGAS DE GAS,-58.4897,-34.5979
14) INTOXICACIONES Y CONTAMINACIONES,-58.5054,-34.629
7) FUGAS DE GAS,-58.3753,-34.6022
10) DERRUMBES Y HUNDIMIENTO DEL SUELO,-58.4049,-34.6029
3) INCENDIOS,-58.426,-34.6043
7) FUGAS DE GAS,-58.4346,-34.623
8) EXPLOSIONES,-58.4484,-34.616
3) INCENDIOS,-58.4413,-34.6128
7) FUGAS DE GAS,-58.4368,-34.5984
14) INTOXICACIONES Y CONTAMINACIONES,-58.4183,-34.6282
3) INCENDIOS,-58.4152,-34.6083
7) FUGAS DE GAS,-58.378,-34.6481
7) FUGAS DE GAS,-58.4001,-34.6337
14) INTOXICACIONES Y CONTAMINACIONES,-58.4415,-34.6585
7) FUGAS DE GAS,-58.4676,-34.6215
5) INCIDENTES EN CONCENTRACIONES HUMANAS,-58.3856,-34.5782
7) FUGAS DE GAS,-58.3733,-34.6461
3) INCENDIOS,-58.415,-34.5884
7) FUGAS DE GAS,-58.3948,-34.5975
7) FUGAS DE GAS,-58.3758,-34.6173
3) INCENDIOS,-58.3882,-34.6258
3) INCENDIOS,-58.3724,-34.6019
3) INCENDIOS,-58.4059,-34.5833
3) INCENDIOS,-58.3633,-34.6343
3) INCENDIOS,-58.3533,-34.6341
3) INCENDIOS,-58.3612,-34.6274
10) DERRUMBES Y HUNDIMIENTO DEL SUELO,-58.3913,-34.6028
3) INCENDIOS,-58.4608,-34.5782
3) INCENDIOS,-58.4294,-34.5896
3) INCENDIOS,-58.3949,-34.6205
14) INTOXICACIONES Y CONTAMINACIONES,-58.4487,-34.5691
13) INTERRUPCION DE SERVICIOS BASICOS,-58.444,-34.6152
14) INTOXICACIONES Y CONTAMINACIONES,-58.4252,-34.5895
3) INCENDIOS,-58.406,-34.6101
3) INCENDIOS,-58.4986,-34.6365
3) INCENDIOS,-58.3827,-34.6285
5) INCIDENTES EN CONCENTRACIONES HUMANAS,-58.3735,-34.6085
3) INCENDIOS,-58.4075,-34.5897
7) FUGAS DE GAS,-58.4246,-34.6073
3) INCENDIOS,-58.3909,-34.6041
3) INCENDIOS,-58.4119,-34.5919
7) FUGAS DE GAS,-58.4665,-34.5729
3) INCENDIOS,-58.4882,-34.6484
3) INCENDIOS,-58.395,-34.607
3) INCENDIOS,-58.4507,-34.656
3) INCENDIOS,-58.5029,-34.6112
3) INCENDIOS,-58.4616,-34.6046
3) INCENDIOS,-58.3729,-34.5844
3) INCENDIOS,-58.4068,-34.6114
3) INCENDIOS,-58.3978,-34.6514
3) INCENDIOS,-58.4939,-34.5914
14) INTOXICACIONES Y CONTAMINACIONES,-58.5084,-34.6546
10) DERRUMBES Y HUNDIMIENTO DEL SUELO,-58.4365,-34.6374
14) INTOXICACIONES Y CONTAMINACIONES,-58.3926,-34.6486
14) INTOXICACIONES Y CONTAMINACIONES,-58.5099,-34.5825
14) INTOXICACIONES Y CONTAMINACIONES,-58.4605,-34.6397
3) INCENDIOS,-58.5022,-34.5863
3) INCENDIOS,-58.4546,-34.595
14) INTOXICACIONES Y CONTAMINACIONES,-58.497,-34.5538
3) INCENDIOS,-58.3565,-34.6049
7) FUGAS DE GAS,-58.493,-34.6064
14) INTOXICACIONES Y CONTAMINACIONES,-58.4167,-34.6567
14) INTOXICACIONES Y CONTAMINACIONES,-58.403,-34.6476
3) INCENDIOS,-58.4728,-34.5515
14) INTOXICACIONES Y CONTAMINACIONES,-58.4645,-34.5744
3) INCENDIOS,-58.3976,-34.6071
14) INTOXICACIONES Y CONTAMINACIONES,-58.4365,-34.5692
4) INCIDENTES EN EL TRANSPORTE,-58.4224,-34.6146
10) DERRUMBES Y HUNDIMIENTO DEL SUELO,-58.4654,-34.5383
2a) INUNDACIONES,-58.4456,-34.5956
2a) INUNDACIONES,-58.4283,-34.6133
2a) INUNDACIONES,-58.4637,-34.562
5) INCIDENTES EN CONCENTRACIONES HUMANAS,-58.3559,-34.6286
5) INCIDENTES EN CONCENTRACIONES HUMANAS,-58.3559,-34.6286
5) INCIDENTES EN CONCENTRACIONES HUMANAS,-58.3559,-34.6286
7) FUGAS DE GAS,-58.4636,-34.6338
3) INCENDIOS,-58.3901,-34.6468
7) FUGAS DE GAS,-58.4344,-34.6009
3) INCENDIOS,-58.4602,-34.6512
5) INCIDENTES EN CONCENTRACIONES HUMANAS,-58.4416,-34.5588
14) INTOXICACIONES Y CONTAMINACIONES,-58.5277,-34.6197
3) INCENDIOS,-58.4128,-34.6025
7) FUGAS DE GAS,-58.4609,-34.5512
3) INCENDIOS,-58.3777,-34.6503
5) INCIDENTES EN CONCENTRACIONES HUMANAS,-58.5223,-34.6359
3) INCENDIOS,-58.5216,-34.6361
4) INCIDENTES EN EL TRANSPORTE,-58.3803,-34.5873
7) FUGAS DE GAS,-58.5066,-34.6271
2a) INUNDACIONES,-58.4283,-34.6133
5) INCIDENTES EN CONCENTRACIONES HUMANAS,-58.5229,-34.6359
5) INCIDENTES EN CONCENTRACIONES HUMANAS,-58.4579,-34.567
14) INTOXICACIONES Y CONTAMINACIONES,-58.5191,-34.6154
7) FUGAS DE GAS,-58.4219,-34.6436
7) FUGAS DE GAS,-58.393,-34.5893
3) INCENDIOS,-58.4683,-34.5621
7) FUGAS DE GAS,-58.3964,-34.6354
14) INTOXICACIONES Y CONTAMINACIONES,-58.4612,-34.6361
7) FUGAS DE GAS,-58.4689,-34.6762
2a) INUNDACIONES,-58.4637,-34.562
10) DERRUMBES Y HUNDIMIENTO DEL SUELO,-58.4381,-34.6189
3) INCENDIOS,-58.451,-34.5733
3) INCENDIOS,-58.3994,-34.6564
7) FUGAS DE GAS,-58.4365,-34.6183
10) DERRUMBES Y HUNDIMIENTO DEL SUELO,-58.3813,-34.6282
6) INCIDENTES DE TRANSPORTE CON MERCANCIAS PELIGROSAS,-58.3742,-34.581
2a) INUNDACIONES,-58.4637,-34.562
10) DERRUMBES Y HUNDIMIENTO DEL SUELO,-58.3891,-34.6031
10) DERRUMBES Y HUNDIMIENTO DEL SUELO,-58.4174,-34.652
2a) INUNDACIONES,-58.4283,-34.6133
2a) INUNDACIONES,-58.4456,-34.5956
7) FUGAS DE GAS,-58.4232,-34.5743
3) INCENDIOS,-58.3724,-34.5861
2a) INUNDACIONES,-58.4637,-34.562
10) DERRUMBES Y HUNDIMIENTO DEL SUELO,-58.396,-34.6197
10) DERRUMBES Y HUNDIMIENTO DEL SUELO,-58.4901,-34.5741
10) DERRUMBES Y HUNDIMIENTO DEL SUELO,-58.4232,-34.5743
7) FUGAS DE GAS,-58.4072,-34.6544
14) INTOXICACIONES Y CONTAMINACIONES,-58.3703,-34.645
7) FUGAS DE GAS,-58.4535,-34.5495
14) INTOXICACIONES Y CONTAMINACIONES,-58.4383,-34.6048
14) INTOXICACIONES Y CONTAMINACIONES,-58.4007,-34.645
10) DERRUMBES Y HUNDIMIENTO DEL SUELO,-58.4231,-34.574
3) INCENDIOS,-58.5128,-34.6555
14) INTOXICACIONES Y CONTAMINACIONES,-58.3885,-34.609
6) INCIDENTES DE TRANSPORTE CON MERCANCIAS PELIGROSAS,-58.3758,-34.6303
10) DERRUMBES Y HUNDIMIENT0O DEL SUELO,-58.4621,-34.6272
10) DERRUMBES Y HUNDIMIENTO DEL SUELO,-58.4144,-34.6106
7) FUGAS DE GAS,-58.4042,-34.6
4a) INCIDENTES EN EL TRANSPORTE,-58.4066,-34.6045
10) DERRUMBES Y HUNDIMIENTO DEL SUELO,-58.4159,-34.5978
7) FUGAS DE GAS,-58.4506,-34.5598
3) INCENDIOS,-58.4928,-34.6729
3) INCENDIOS,-58.4214,-34.6081
3) INCENDIOS,-58.3985,-34.5956
5) INCIDENTES EN CONCENTRACIONES HUMANAS,-58.4732,-34.6603
14) INTOXICACIONES Y CONTAMINACIONES,-58.5082,-34.6586
7) FUGAS DE GAS,-58.4035,-34.6086
7) FUGAS DE GAS,-58.4809,-34.588
3) INCENDIOS,-58.4321,-34.5864
3) INCENDIOS,-58.5157,-34.6493
13) INTERRUPCION DE SERVICIOS BASICOS,-58.3971,-34.6545
7) FUGAS DE GAS,-58.4836,-34.5739
4a) INCIDENTES EN EL TRANSPORTE,-58.4831,-34.6464
3) INCENDIOS,-58.3999,-34.585
3) INCENDIOS,-58.4616,-34.6046
3) INCENDIOS,-58.4726,-34.6011
14) INTOXICACIONES Y CONTAMINACIONES,-58.3695,-34.5983
3) INCENDIOS,-58.4093,-34.6052
13) INTERRUPCION DE SERVICIOS BASICOS,-58.3983,-34.6556
3) INCENDIOS,-58.3954,-34.6515
3) INCENDIOS,-58.3917,-34.6139
3) INCENDIOS,-58.3922,-34.6181
13) INTERRUPCION DE SERVICIOS BASICOS,-58.396,-34.6555
3) INCENDIOS,-58.4083,-34.6171
7) FUGAS DE GAS,-58.3748,-34.627
13) INTERRUPCION DE SERVICIOS BASICOS,-58.3971,-34.6553
14) INTOXICACIONES Y CONTAMINACIONES,-58.3823,-34.5901
14) INTOXICACIONES Y CONTAMINACIONES,-58.4465,-34.5693
7) FUGAS DE GAS,-58.4781,-34.5693
14) INTOXICACIONES Y CONTAMINACIONES,-58.4888,-34.5893
7) FUGAS DE GAS,-58.4368,-34.6107
14) INTOXICACIONES Y CONTAMINACIONES,-58.3902,-34.6252
14) INTOXICACIONES Y CONTAMINACIONES,-58.3924,-34.6049
10) DERRUMBES Y HUNDIMIENTO DEL SUELO,-58.4625,-34.5555
4a) INCIDENTES EN EL TRANSPORTE,-58.4608,-34.6335
14) INTOXICACIONES Y CONTAMINACIONES,-58.3909,-34.591
7) FUGAS DE GAS,-58.4099,-34.589
7) FUGAS DE GAS,-58.5032,-34.6265
7) FUGAS DE GAS,-58.4455,-34.6175
10) DERRUMBES Y HUNDIMIENTO DEL SUELO,-58.3997,-34.6187
7) FUGAS DE GAS,-58.3913,-34.6235
14) INTOXICACIONES Y CONTAMINACIONES,-58.3609,-34.6351
14) INTOXICACIONES Y CONTAMINACIONES,-58.4586,-34.604
7) FUGAS DE GAS,-58.4271,-34.6317
2a) INUNDACIONES,-58.4637,-34.562
2a) INUNDACIONES,-58.4283,-34.6133
7) FUGAS DE GAS,-58.3976,-34.5972
10) DERRUMBES Y HUNDIMIENTO DEL SUELO,-58.4197,-34.628
7) FUGAS DE GAS,-58.4602,-34.6441
2a) INUNDACIONES,-58.4591,-34.5592
14) INTOXICACIONES Y CONTAMINACIONES,-58.43,-34.5802
3) INCENDIOS,-58.4145,-34.6278
5) INCIDENTES EN CONCENTRACIONES HUMANAS,-58.4422,-34.5478
3) INCENDIOS,-58.4144,-34.6041
3) INCENDIOS,-58.4145,-34.6041
18) ACTO TERRORISTA,-58.4163,-34.6363
7) FUGAS DE GAS,-58.4956,-34.5557
7) FUGAS DE GAS,-58.4418,-34.6009
3) INCENDIOS,-58.4524,-34.5672
3) INCENDIOS,-58.4341,-34.5979
3) INCENDIOS,-58.396,-34.6123
14) INTOXICACIONES Y CONTAMINACIONES,-58.4863,-34.631
7) FUGAS DE GAS,-58.379,-34.6292
3) INCENDIOS,-58.3758,-34.6034
14) INTOXICACIONES Y CONTAMINACIONES,-58.4863,-34.631
14) INTOXICACIONES Y CONTAMINACIONES,-58.4863,-34.631
3) INCENDIOS,-58.4945,-34.6712
14) INTOXICACIONES Y CONTAMINACIONES,-58.5012,-34.6454
7) FUGAS DE GAS,-58.4629,-34.5555
3) INCENDIOS,-58.4272,-34.6607
3) INCENDIOS,-58.4346,-34.5968
5) INCIDENTES EN CONCENTRACIONES HUMANAS,-58.3735,-34.6085
5) INCIDENTES EN CONCENTRACIONES HUMANAS,-58.4313,-34.6504
3) INCENDIOS,-58.3918,-34.6487
3) INCENDIOS,-58.3918,-34.6487
2a) INUNDACIONES,-58.4456,-34.5956
7) FUGAS DE GAS,-58.4939,-34.6381
3) INCENDIOS,-58.4199,-34.6097
3) INCENDIOS,-58.3918,-34.6487
2a) INUNDACIONES,-58.4283,-34.6133
3) INCENDIOS,-58.3918,-34.6487
4a) INCIDENTES EN EL TRANSPORTE,-58.3826,-34.6317
2a) INUNDACIONES,-58.4283,-34.6133
14) INTOXICACIONES Y CONTAMINACIONES,-58.4201,-34.6576
14) INTOXICACIONES Y CONTAMINACIONES,-58.4811,-34.5739
3) INCENDIOS,-58.4305,-34.6062
14) INTOXICACIONES Y CONTAMINACIONES,-58.4667,-34.6406
14) INTOXICACIONES Y CONTAMINACIONES,-58.4751,-34.6546
14) INTOXICACIONES Y CONTAMINACIONES,-58.419,-34.5995
7) FUGAS DE GAS,-58.4018,-34.6455
3) INCENDIOS,-58.4668,-34.5779
7) FUGAS DE GAS,-58.4723,-34.6402
3) INCENDIOS,-58.3758,-34.6023
7) FUGAS DE GAS,-58.4318,-34.604
14) INTOXICACIONES Y CONTAMINACIONES,-58.3733,-34.601
14) INTOXICACIONES Y CONTAMINACIONES,-58.4069,-34.5785
2a) INUNDACIONES,-58.4283,-34.6133
7) FUGAS DE GAS,-58.4069,-34.5787
5) INCIDENTES EN CONCENTRACIONES HUMANAS,-58.4313,-34.6504
2a) INUNDACIONES,-58.4283,-34.6133
7) FUGAS DE GAS,-58.4069,-34.5787
7) FUGAS DE GAS,-58.3866,-34.6045
2a) INUNDACIONES,-58.4283,-34.6133
10) DERRUMBES Y HUNDIMIENTO DEL SUELO,-58.3978,-34.609
7) FUGAS DE GAS,-58.4611,-34.6256
10) DERRUMBES Y HUNDIMIENTO DEL SUELO,-58.4631,-34.6177
3) INCENDIOS,-58.4232,-34.5896
2a) INUNDACIONES,-58.4283,-34.6133
2a) INUNDACIONES,-58.4456,-34.5956
2a) INUNDACIONES,-58.4637,-34.562
10) DERRUMBES Y HUNDIMIENTO DEL SUELO,-58.3966,-34.6011
10) DERRUMBES Y HUNDIMIENTO DEL SUELO,-58.3902,-34.6489
4a) INCIDENTES EN EL TRANSPORTE,-58.4192,-34.6244
7) FUGAS DE GAS,-58.4611,-34.6256
18) ACTO TERRORISTA,-58.3609,-34.639
14) INTOXICACIONES Y CONTAMINACIONES,-58.5107,-34.6338
14) INTOXICACIONES Y CONTAMINACIONES,-58.4034,-34.5975
3) INCENDIOS,-58.4583,-34.5602
5) INCIDENTES EN CONCENTRACIONES HUMANAS,-58.4506,-34.68
8) EXPLOSIONES,-58.4303,-34.6322
5) INCIDENTES EN CONCENTRACIONES HUMANAS,-58.4506,-34.68
14) INTOXICACIONES Y CONTAMINACIONES,-58.4829,-34.6341
2a) INUNDACIONES,-58.4283,-34.6133
14) INTOXICACIONES Y CONTAMINACIONES,-58.4476,-34.5706
10) DERRUMBES Y HUNDIMIENTO DEL SUELO,-58.3813,-34.6282
10) DERRUMBES Y HUNDIMIENTO DEL SUELO,-58.4124,-34.6219
7) FUGAS DE GAS,-58.4229,-34.5963
2a) INUNDACIONES,-58.39,-34.59
2a) INUNDACIONES,-58.4637,-34.562
3) INCENDIOS,-58.406,-34.6235
2b) INUNDACIONES,-58.4566,-34.5475
3) INCENDIOS,-58.392,-34.6061
14) INTOXICACIONES Y CONTAMINACIONES,-58.5205,-34.6252
3) INCENDIOS,-58.4697,-34.5825
7) FUGAS DE GAS,-58.3637,-34.6364
14) INTOXICACIONES Y CONTAMINACIONES,-58.5135,-34.6332
7) FUGAS DE GAS,-58.4577,-34.5628
5) INCIDENTES EN CONCENTRACIONES HUMANAS,-58.4517,-34.6458
7) FUGAS DE GAS,-58.5172,-34.6263
7) FUGAS DE GAS,-58.4951,-34.5565
3) INCENDIOS,-58.4125,-34.6132
10) DERRUMBES Y HUNDIMIENTO DEL SUELO,-58.3716,-34.5997
3) INCENDIOS,-58.4724,-34.6589
5) INCIDENTES EN CONCENTRACIONES HUMANAS,-58.3735,-34.6085
14) INTOXICACIONES Y CONTAMINACIONES,-58.4891,-34.611
3) INCENDIOS,-58.4082,-34.5829
14) INTOXICACIONES Y CONTAMINACIONES,-58.4258,-34.6015
3) INCENDIOS,-58.4341,-34.6344
3) INCENDIOS,-58.4472,-34.6178
3) INCENDIOS,-58.5056,-34.6124
14) INTOXICACIONES Y CONTAMINACIONES,-58.4183,-34.6055
3) INCENDIOS,-58.4781,-34.6268
7) FUGAS DE GAS,-58.3627,-34.639
10) DERRUMBES Y HUNDIMIENTO DEL SUELO,-58.498,-34.599
3) INCENDIOS,-58.3815,-34.6177
13) INTERRUPCION DE SERVICIOS BASICOS,-58.4913,-34.6781
14) INTOXICACIONES Y CONTAMINACIONES,-58.4219,-34.5982
3) INCENDIOS,-58.3795,-34.6543
3) INCENDIOS,-58.4292,-34.6151
10) DERRUMBES Y HUNDIMIENTO DEL SUELO,-58.4771,-34.6394
3) INCENDIOS,-58.4597,-34.6732
3) INCENDIOS,-58.3662,-34.639
7) FUGAS DE GAS,-58.502,-34.6379
7) FUGAS DE GAS,-58.4416,-34.593
14) INTOXICACIONES Y CONTAMINACIONES,-58.4674,-34.6512
14) INTOXICACIONES Y CONTAMINACIONES,-58.4952,-34.5552
2a) INUNDACIONES,-58.496,-34.5557
14) INTOXICACIONES Y CONTAMINACIONES,-58.4591,-34.5592
14) INTOXICACIONES Y CONTAMINACIONES,-58.4066,-34.598
7) FUGAS DE GAS,-58.4072,-34.5998
13) INTERRUPCION DE SERVICIOS BASICOS,-58.4102,-34.6227
2a) INUNDACIONES,-58.4834,-34.6817
3) INCENDIOS,-58.3722,-34.6244
3) INCENDIOS,-58.4127,-34.6094
3) INCENDIOS,-58.3781,-34.6208
14) INTOXICACIONES Y CONTAMINACIONES,-58.4816,-34.6159
5) INCIDENTES EN CONCENTRACIONES HUMANAS,-58.467,-34.6951
10) DERRUMBES Y HUNDIMIENTO DEL SUELO,-58.4728,-34.6588
3) INCENDIOS,-58.4347,-34.6294
13) INTERRUPCION DE SERVICIOS BASICOS,-58.3528,-34.6189
3) INCENDIOS,-58.4838,-34.626
14) INTOXICACIONES Y CONTAMINACIONES,-58.505,-34.631
13) INTERRUPCION DE SERVICIOS BASICOS,-58.4101,-34.6236
14) INTOXICACIONES Y CONTAMINACIONES,-58.4071,-34.5917
3) INCENDIOS,-58.4057,-34.6335
3) INCENDIOS,-58.367,-34.6205
13) INTERRUPCION DE SERVICIOS BASICOS,-58.4149,-34.6117
4a) INCIDENTES EN EL TRANSPORTE,-58.5022,-34.6547
3) INCENDIOS,-58.389,-34.6029
7) FUGAS DE GAS,-58.5277,-34.6418
7) FUGAS DE GAS,-58.4489,-34.6087
7) FUGAS DE GAS,-58.4049,-34.6142
13) INTERRUPCION DE SERVICIOS BASICOS,-58.4129,-34.6155
14) INTOXICACIONES Y CONTAMINACIONES,-58.4094,-34.5953
14) INTOXICACIONES Y CONTAMINACIONES,-58.4642,-34.5829
5) INCIDENTES EN CONCENTRACIONES HUMANAS,-58.3823,-34.6015
7) FUGAS DE GAS,-58.3995,-34.6187
14) INTOXICACIONES Y CONTAMINACIONES,-58.4688,-34.6176
14) INTOXICACIONES Y CONTAMINACIONES,-58.4427,-34.6404
3) INCENDIOS,-58.4046,-34.6065
7) FUGAS DE GAS,-58.3574,-34.6378
10) DERRUMBES Y HUNDIMIENTO DEL SUELO,-58.5117,-34.6243
3) INCENDIOS,-58.442,-34.619
3) INCENDIOS,-58.4129,-34.5957
4a) INCIDENTES EN EL TRANSPORTE,-58.5009,-34.578
7) FUGAS DE GAS,-58.5263,-34.6288
13) INTERRUPCION DE SERVICIOS BASICOS,-58.4006,-34.6511
3) INCENDIOS,-58.4238,-34.5815
14) INTOXICACIONES Y CONTAMINACIONES,-58.4144,-34.6028
14) INTOXICACIONES Y CONTAMINACIONES,-58.4541,-34.6217
14) INTOXICACIONES Y CONTAMINACIONES,-58.4577,-34.5526
14) INTOXICACIONES Y CONTAMINACIONES,-58.4773,-34.5553
14) INTOXICACIONES Y CONTAMINACIONES,-58.4913,-34.5639
7) FUGAS DE GAS,-58.471,-34.5505
3) INCENDIOS,-58.4116,-34.6572
14) INTOXICACIONES Y CONTAMINACIONES,-58.4117,-34.6304
10) DERRUMBES Y HUNDIMIENTO DEL SUELO,-58.3749,-34.6558
10) DERRUMBES Y HUNDIMIENTO DEL SUELO,-58.4562,-34.6207
14) INTOXICACIONES Y CONTAMINACIONES,-58.4686,-34.5909
3) INCENDIOS,-58.4564,-34.5945
10) DERRUMBES Y HUNDIMIENTO DEL SUELO,-58.3894,-34.607
2a) INUNDACIONES,-58.4591,-34.5592
7) FUGAS DE GAS,-58.3803,-34.6176
7) FUGAS DE GAS,-58.4607,-34.6377
14) INTOXICACIONES Y CONTAMINACIONES,-58.4826,-34.5803
14) INTOXICACIONES Y CONTAMINACIONES,-58.4565,-34.5474
2a) INUNDACIONES,-58.4591,-34.5592
2a) INUNDACIONES,-58.4591,-34.5592
2a) INUNDACIONES,-58.4565,-34.5474
2a) INUNDACIONES,-58.4637,-34.562
14) INTOXICACIONES Y CONTAMINACIONES,-58.4894,-34.6211
10) DERRUMBES Y HUNDIMIENTO DEL SUELO,-58.4489,-34.577
14) INTOXICACIONES Y CONTAMINACIONES,-58.4872,-34.6228
3) INCENDIOS,-58.4243,-34.593
14) INTOXICACIONES Y CONTAMINACIONES,-58.4031,-34.6063
7) FUGAS DE GAS,-58.4401,-34.6088
3) INCENDIOS,-58.4046,-34.6055
14) INTOXICACIONES Y CONTAMINACIONES,-58.4854,-34.6709
7) FUGAS DE GAS,-58.4304,-34.6236
3) INCENDIOS,-58.4327,-34.5674
5) INCIDENTES EN CONCENTRACIONES HUMANAS,-58.3735,-34.6085
14) INTOXICACIONES Y CONTAMINACIONES,-58.3673,-34.611
14) INTOXICACIONES Y CONTAMINACIONES,-58.4042,-34.5999
2a) INUNDACIONES,-58.4591,-34.5592
14) INTOXICACIONES Y CONTAMINACIONES,-58.4416,-34.593
14) INTOXICACIONES Y CONTAMINACIONES,-58.4394,-34.6029
3) INCENDIOS,-58.5216,-34.6361
3) INCENDIOS,-58.4801,-34.5485
7) FUGAS DE GAS,-58.3968,-34.6021
3) INCENDIOS,-58.3968,-34.6286
3) INCENDIOS,-58.4007,-34.651
7) FUGAS DE GAS,-58.397,-34.6023
14) INTOXICACIONES Y CONTAMINACIONES,-58.506,-34.6415
3) INCENDIOS,-58.3818,-34.6119
3) INCENDIOS,-58.3968,-34.6052
3) INCENDIOS,-58.3896,-34.6043
7) FUGAS DE GAS,-58.3722,-34.6171
5) INCIDENTES EN CONCENTRACIONES HUMANAS,-58.4345,-34.5494
3) INCENDIOS,-58.4654,-34.5645
14) INTOXICACIONES Y CONTAMINACIONES,-58.3878,-34.6123
3) INCENDIOS,-58.473,-34.6625
2) INUNDACIONES,-58.4283,-34.6133
2) INUNDACIONES,-58.4637,-34.562
2) INUNDACIONES,-58.4591,-34.5592
10) DERRUMBES Y HUNDIMIENTO DE SUELO,-58.4064,-34.6313
10) DERRUMBES Y HUNDIMIENTO DE SUELO,-58.421,-34.5987
10) DERRUMBES Y HUNDIMIENTO DEL SUELO,-58.4982,-34.5989
2a) INUNDACIONES,-58.3733,-34.6351
14) INTOXICACIONES Y CONTAMINACIONES,-58.4045,-34.6427
2a) INUNDACIONES,-58.4606,-34.56
2a) INUNDACIONES,-58.4603,-34.5601
2a) INUNDACIONES,-58.4643,-34.549
18) ACTO TERRORISTA,-58.4374,-34.5886
10) DERRUMBES Y HUNDIMIENTO DEL SUELO,-58.4161,-34.5901
10) DERRUMBES Y HUNDIMIENTO DEL SUELO,-58.415,-34.6109
2) INUNDACIONES,-58.4591,-34.5592
3) INCENDIOS,-58.3609,-34.6046
2a) INUNDACIONES,-58.4753,-34.553
2a) INUNDACIONES,-58.4021,-34.5735
2a) INUNDACIONES,-58.3828,-34.5884
2a) INUNDACIONES,-58.3704,-34.6306
2a) INUNDACIONES,-58.4337,-34.6088
2a) INUNDACIONES,-58.4503,-34.6398
5) INCIDENTES EN CONCENTRACIONES HUMANAS,-58.4353,-34.5532
14) INTOXICACIONES Y CONTAMINACIONES,-58.4146,-34.5876
3) INCENDIOS,-58.4155,-34.5967
2a) INUNDACIONES,-58.4156,-34.5853
2a) INUNDACIONES,-58.459,-34.5592
2a) INUNDACIONES,-58.4589,-34.5596
2a) INUNDACIONES,-58.4624,-34.5611
2a) INUNDACIONES,-58.4608,-34.5635
2a) INUNDACIONES,-58.4574,-34.5596
2a) INUNDACIONES,-58.4585,-34.559
2a) INUNDACIONES,-58.4596,-34.5608
2a) INUNDACIONES,-58.4575,-34.5598
2a) INUNDACIONES,-58.4561,-34.556
2a) INUNDACIONES,-58.4556,-34.5567
2a) INUNDACIONES,-58.4583,-34.5589
2a) INUNDACIONES,-58.4643,-34.5632
2a) INUNDACIONES,-58.4835,-34.5762
14) INTOXICACIONES Y CONTAMINACIONES,-58.3922,-34.594
14) INTOXICACIONES Y CONTAMINACIONES,-58.3638,-34.643
2a) INUNDACIONES,-58.4037,-34.6045
14) INTOXICACIONES Y CONTAMINACIONES,-58.507,-34.6483
7) FUGAS DE GAS,-58.4868,-34.5632
7) FUGAS DE GAS,-58.4496,-34.5883
7) FUGAS DE GAS,-58.4935,-34.5588
14) INTOXICACIONES Y CONTAMINACIONES,-58.4951,-34.6719
7) FUGAS DE GAS,-58.4582,-34.6221
3) INCENDIOS,-58.3563,-34.6354
14) INTOXICACIONES Y CONTAMINACIONES,-58.4846,-34.5669
2) INUNDACIONES,-58.4591,-34.5592
14) INTOXICACIONES Y CONTAMINACIONES,-58.377,-34.6404
7) FUGAS DE GAS,-58.4505,-34.5818
3) INCENDIOS,-58.4998,-34.6366
5) INCIDENTES EN CONCENTRACIONES HUMANAS,-58.3568,-34.6169
5) INCIDENTES EN CONCENTRACIONES HUMANAS,-58.4389,-34.6353
5) INCIDENTES EN CONCENTRACIONES HUMANAS,-58.3746,-34.6085
5) INCIDENTES EN CONCENTRACIONES HUMANAS,-58.3923,-34.6044
14) INTOXICACIONES Y CONTAMINACIONES,-58.5169,-34.6025
14) INTOXICACIONES Y CONTAMINACIONES,-58.3739,-34.5936
3) INCENDIOS,-58.4704,-34.607
3) INCENDIOS,-58.4633,-34.5592
2) INUNDACIONES,-58.4637,-34.562
7) FUGAS DE GAS,-58.4335,-34.5708
5) INCIDENTES EN CONCENTRACIONES HUMANAS,-58.4389,-34.6353
14) INTOXICACIONES Y CONTAMINACIONES,-58.4905,-34.5711
10) DERRUMBES Y HUNDIMIENTO DEL SUELO,-58.4398,-34.6291
14) INTOXICACIONES Y CONTAMINACIONES,-58.3666,-34.624
14) INTOXICACIONES Y CONTAMINACIONES,-58.367,-34.624
7) FUGAS DE GAS,-58.4408,-34.594
10) DERRUMBES Y HUNDIMIENTO DEL SUELO,-58.5191,-34.6298
7) FUGAS DE GAS,-58.4857,-34.6647
7) FUGAS DE GAS,-58.4495,-34.5883
2) INUNDACIONES,-58.4637,-34.562
10) DERRUMBES Y HUNDIMIENTO DEL SUELO,-58.3941,-34.6035
7) FUGAS DE GAS,-58.4698,-34.5489
10) DERRUMBES Y HUNDIMIENTO DEL SUELO,-58.3835,-34.5827
3) INCENDIOS,-58.3763,-34.6105
3) INCENDIOS,-58.3843,-34.6093
14) INTOXICACIONES Y CONTAMINACIONES,-58.4426,-34.5636
14) INTOXICACIONES Y CONTAMINACIONES,-58.4201,-34.5654
3) INCENDIOS,-58.3931,-34.615
4a) INCIDENTES EN EL TRANSPORTE,-58.4841,-34.6336
14) INTOXICACIONES Y CONTAMINACIONES,-58.3892,-34.6137
7) FUGAS DE GAS,-58.5115,-34.6331
3) INCENDIOS,-58.3989,-34.6511
14) INTOXICACIONES Y CONTAMINACIONES,-58.429,-34.605
14) INTOXICACIONES Y CONTAMINACIONES,-58.4341,-34.6268
14) INTOXICACIONES Y CONTAMINACIONES,-58.4606,-34.5516
14) INTOXICACIONES Y CONTAMINACIONES,-58.3613,-34.6373
3) INCENDIOS,-58.4787,-34.6405
3) INCENDIOS,-58.4163,-34.5907
3) INCENDIOS,-58.4391,-34.6507
14) INTOXICACIONES Y CONTAMINACIONES,-58.3811,-34.6177
10) DERRUMBES Y HUNDIMIENTO DEL SUELO,-58.5041,-34.6533
7) FUGAS DE GAS,-58.406,-34.6223
14) INTOXICACIONES Y CONTAMINACIONES,-58.3822,-34.5901
3) INCENDIOS,-58.3783,-34.5972
7) FUGAS DE GAS,-58.4568,-34.641
3) INCENDIOS,-58.4661,-34.6284
2) INUNDACIONES,-58.4637,-34.562
3) INCENDIOS,-58.5015,-34.6525
7) FUGAS DE GAS,-58.4964,-34.6117
7) FUGAS DE GAS,-58.5168,-34.658
3) INCENDIOS,-58.38,-34.6327
10) DERRUMBES Y HUNDIMIENTO DEL SUELO,-58.403,-34.6369
14) INTOXICACIONES Y CONTAMINACIONES,-58.4244,-34.5963
14) INTOXICACIONES Y CONTAMINACIONES,-58.3782,-34.6464
7) FUGAS DE GAS,-58.4411,-34.6632
14) INTOXICACIONES Y CONTAMINACIONES,-58.4038,-34.6273
14) INTOXICACIONES Y CONTAMINACIONES,-58.4741,-34.5575
3) INCENDIOS,-58.3775,-34.5999
3) INCENDIOS,-58.4844,-34.6312
7) FUGAS DE GAS,-58.5275,-34.6367
14) INTOXICACIONES Y CONTAMINACIONES,-58.4968,-34.5968
2) INUNDACIONES,-58.4637,-34.562
2) INUNDACIONES,-58.4637,-34.562
14) INTOXICACIONES Y CONTAMINACIONES,-58.51,-34.5777